Model,Categoria,Screen,DCR,LCD Hz,NatRes,Price,M,F,Eta<35,Eta35-50,Eta>50,Reddito_alto,Reddito basso
LN52B530,3,52,60,60,1080,1799.99,2,1,1,2,4,3,1
LN46B650,4,46,100,120,1080,1999.99,1,1,0,1,4,4,1
LN37B550,2,37,70,60,1080,949.99,3,2,2,1,1,3,2
LN19B361,1,19,15,60,720,279.99,4,4,3,3,1,1,5
LN52B610,4,52,80,120,1080,2099.99,2,2,1,0,3,4,1
LN40B540,2,40,60,60,1080,899.99,4,2,4,3,1,1,2
LN37B650,2,37,100,120,1080,1249.99,2,1,2,1,1,3,2
LN55B640,4,55,80,120,1080,2799.99,1,2,1,1,2,4,1
LN46B530,3,46,60,60,1080,1299.99,2,4,2,0,1,3,2
LN40B610,2,40,80,120,1080,1199.99,3,1,1,1,0,3,1
LN32B540,1,32,60,60,720,549.99,4,3,3,1,1,2,5
LN32B460,1,32,50,60,720,649.99,4,4,3,5,0,2,3
LN32B550,2,32,70,60,1080,849.99,2,4,2,0,1,2,5
LN46B610,3,46,80,120,1080,1599.99,2,4,0,3,2,3,0
LN40B750,3,40,150,240,1080,1899.99,2,4,1,1,1,4,2
